,Unnamed: 0,Unnamed: 0.1,id,public_metrics.following_count,public_metrics.followers_count,public_metrics.tweet_count,username,name,party,gender,politician_attention,total_number,total_unity,total_commitment,diversity,woman_number,woman_unity,woman_commitment,man_number,man_unity,man_commitment,media_number,media_unity,media_commitment
0,0,0,705574814476476416,648,6662,3790,Asano__Satoshi,浅野哲,その他,1,3.0,665.0,0.2316566192428261,0.5399848931498548,0.2223829005126674,404.0,0.1474341168091168,0.5355368290713118,59.0,0.0193181818181818,0.3866666666666666,202.0,0.0186781609195402,0.6825061842918986
1,1,1,159172689,1208,2641,1553,tanaka_shizuoka,田中健,その他,1,0.0,900.0,0.3588360791104115,0.4572808571346912,0.1686540073323357,800.0,0.3203403036717618,0.4756553360982173,82.0,0.0770301537542916,0.2634920634920635,18.0,0.0,0.6
2,2,2,96785342,10817,291557,15165,tamakiyuichiro,玉木雄一郎 ,その他,1,1.0,465.0,0.0902489177489177,0.4810225046533363,0.4925776192363588,244.0,0.0111111111111111,0.4575583420411006,191.0,0.0285185185185185,0.5596059113300493,30.0,0.0,0.4404761904761905
4,4,4,772827848985841664,229,35945,4569,Maehara2016,前原誠司,その他,1,1.0,132.0,0.0219696969696969,0.7004515599343185,0.3339557598391267,93.0,0.0,0.769230769230769,25.0,0.0523809523809523,0.3928571428571428,14.0,0.0,1.0
6,6,6,1321785504,39,22507,1777,kouhei1005mon,大塚 耕平,その他,1,0.0,12.0,0.0,1.0,0.0,0.0,0.0,0.0,12.0,0.0,1.0,0.0,0.0,0.0
7,7,7,1135729429,410,6398,1539,SHIMBA_OFFICE,榛葉賀津也,その他,1,0.0,224.0,0.0849999999999999,0.4833880678708264,0.2459434582511506,167.0,0.0766666666666666,0.5367816091954022,28.0,0.0,0.2916666666666667,29.0,0.0,0.6515151515151515
8,8,8,3220324296,444,4068,4396,HamaMako0518,浜口誠,その他,1,2.0,303.0,0.0811904761904761,0.5731091705229636,0.4514915345337276,80.0,0.0333333333333333,0.4888888888888889,42.0,0.0079365079365079,0.2625,181.0,0.0238095238095238,0.7424162257495589
9,9,9,1474736472,113,7903,5369,banrikaieda,海江田　万里,その他,0,0.0,71.0,0.0166666666666666,0.2901960784313725,0.391985717119619,19.0,0.0,0.0,52.0,0.02,0.5269230769230769,0.0,0.0,0.0
10,10,10,1474736472,113,7903,5369,banrikaieda,海江田万里,立憲民主党,0,0.0,71.0,0.0166666666666666,0.2901960784313725,0.391985717119619,19.0,0.0,0.0,52.0,0.02,0.5269230769230769,0.0,0.0,0.0
11,11,11,238916996,331,153686,4582,jinkamiya,神谷　宗幣,その他,1,0.0,23.0,0.0,0.0769230769230769,0.1587901701323253,21.0,0.0,0.0909090909090909,2.0,0.0,0.0,0.0,0.0,0.0
14,14,14,722979312345870336,254,2496,3366,hirayamasachiko,平山　佐知子,その他,0,0.0,62.0,0.0106666666666666,0.4528985507246376,0.3046875,9.0,0.0,0.6,39.0,0.0115942028985507,0.5555555555555556,14.0,0.0,0.5833333333333334
15,15,15,95213148,27443,209052,53514,tachibanat,立花 孝志,その他,1,1.0,221.0,0.0865319865319865,0.2390966313380106,0.4919658797857568,120.0,0.0443051201671891,0.1830357142857142,93.0,0.0338827838827838,0.3247619047619047,8.0,0.0,1.0
16,16,16,962057304,34,226173,8404,maruyamahodaka,丸山 穂高,その他,1,0.0,144.0,0.0265567765567765,0.6296957671957671,0.0,0.0,0.0,0.0,13.0,0.0,0.4166666666666667,131.0,0.0201465201465201,0.6600694444444444
17,17,17,104940009,2297,26212,8289,satoshi_hamada,浜田 聡,その他,1,49.0,434.0,0.1289545201387306,0.3043315874585224,0.3598615916955018,312.0,0.0692202729044834,0.3115500625135514,96.0,0.0144230769230769,0.3823333333333334,26.0,0.0238095238095238,0.3636363636363636
18,18,18,1343905669,2155,17696,3182,akamineseiken,赤嶺政賢,共産党,1,7.0,996.0,0.3506310707322662,0.3721668137272294,0.4148121321865097,664.0,0.250596404390231,0.365482413020553,276.0,0.084059644059644,0.3415308829101932,56.0,0.0108695652173912,0.6904761904761905
19,19,19,266194470,3892,23355,26243,akibacsi,笠井亮,共産党,1,2.0,1014.0,0.4587275358423629,0.3873669046391197,0.4473113379944086,608.0,0.3254559839664537,0.3276586526784477,310.0,0.1747520857469706,0.371557301102513,96.0,0.0119047619047619,0.7419753086419753
20,20,20,1550171798,122,22822,6115,kokutakeiji,穀田恵二,共産党,1,2.0,186.0,0.0778829539478626,0.3067333460190603,0.2247658688865765,162.0,0.0772696984840912,0.330432067932068,24.0,0.0,0.3194444444444444,0.0,0.0,0.0
22,22,22,1492074890,468,13907,5043,ShiokawaTetsuya,塩川鉄也,共産党,1,4.0,419.0,0.1859269457397502,0.4297479436812144,0.2381752066115703,237.0,0.1207359642226455,0.3349621330013487,38.0,0.0294117647058823,0.2239583333333333,144.0,0.0219999999999999,0.7502070393374742
23,23,23,620789682,2332,19950,17386,chiduko916,高橋千鶴子,共産党,0,5.0,991.0,0.4975896817060647,0.441556398883601,0.4719599033104458,551.0,0.215616201976367,0.4991040152983678,340.0,0.3066488903656835,0.3364408495493688,100.0,0.0635802469135802,0.4775641025641026
24,24,24,234561520,2457,12006,10045,TAMURATAKAAKI,田村貴昭,共産党,0,2.0,611.0,0.2526675950773374,0.3846177671341485,0.49560546875,280.0,0.1501741093929446,0.3162820547799539,232.0,0.1108929162890221,0.3044696200158384,99.0,0.0102564102564102,0.673611111111111
25,25,25,341296862,183,57938,16381,miyamototooru,宮本徹,共産党,1,19.0,289.0,0.1388735338735338,0.5075676239469342,0.4998863665058963,98.0,0.0950091575091574,0.406,101.0,0.0267489711934156,0.4076007326007326,90.0,0.0096153846153846,0.7291666666666665
27,27,27,133192132,8559,16224,25051,gaku_ito,伊藤岳,共産党,1,4.0,695.0,0.3436410787633991,0.3796232834513906,0.407799014856633,481.0,0.2334611495998647,0.3628038164896283,192.0,0.0873762253072597,0.3736819727891157,22.0,0.0,1.0
28,28,28,293831202,1272,10248,4458,buchitom,岩渕友,共産党,1,1.0,960.0,0.4194326508109113,0.4135183644644421,0.4999571330589849,428.0,0.2527759823004388,0.3761162611612387,436.0,0.2028439779833764,0.409070183520381,96.0,0.0111111111111111,0.5905797101449276
32,32,32,2313532081,192,104685,3355,tamutomojcp,田村智子,共産党,0,8.0,345.0,0.1601044636310267,0.3888457159248233,0.3072322610961595,248.0,0.1486499919833253,0.3330640623744071,58.0,0.0277777777777777,0.3343137254901961,39.0,0.0,0.8333333333333334
33,33,33,314418205,1466,16234,5611,nihi_souhei,仁比聡平,共産党,1,7.0,681.0,0.2527094075390544,0.3523459950403166,0.413652721983953,482.0,0.2155519865405111,0.3831944260619396,199.0,0.0771356482037726,0.261372655122655,0.0,0.0,0.0
34,34,34,570836547,545,52436,6418,jcpyamashita,山下芳生,共産党,1,4.0,773.0,0.4518953885466464,0.4109612209088751,0.4969892108924326,368.0,0.3835848353908693,0.4392355261963994,315.0,0.135057783347257,0.3780123385386543,90.0,0.0141093474426807,0.5006410256410256
35,35,35,249603227,326,167578,6311,pioneertaku84,山添拓,共産党,1,13.0,372.0,0.2366052136000984,0.3849019499672115,0.4562810729564112,131.0,0.1263061335773754,0.3446733821733821,241.0,0.1363096744073973,0.3903524157834502,0.0,0.0,0.0
36,36,36,1418547937,1882,5024,2876,kenkou64865187,松木けんこう,立憲民主党,1,1.0,441.0,0.0662698412698412,0.2962967956700539,0.4936557008851896,193.0,0.02859477124183,0.347454844006568,242.0,0.0416666666666666,0.2788303931813059,6.0,0.0,1.0
37,37,37,56359887,1237,4033,9357,araiyutaka,荒井優,立憲民主党,1,0.0,386.0,0.1434028252449305,0.388908553132691,0.3553028570183751,233.0,0.0676923076923076,0.3269567597153803,70.0,0.0260869565217391,0.3090909090909091,83.0,0.0092592592592592,0.6987179487179487
38,38,38,34773800,16617,75844,19050,seiji_ohsaka,逢󠄀坂誠二,立憲民主党,1,2.0,264.0,0.0866666666666666,0.3558777429467086,0.4600402357172105,85.0,0.0481837606837606,0.2818840579710145,152.0,0.0225779967159277,0.3177437641723356,27.0,0.0,0.9230769230769232
39,39,39,914844025944805376,888,7886,3574,IshikawaKaori11,石川香織,立憲民主党,0,2.0,266.0,0.0867063492063491,0.3537481084387778,0.4424692891381552,75.0,0.0098765432098765,0.2636446886446886,152.0,0.0577380952380952,0.3554361347464796,39.0,0.0,0.6052631578947368
40,40,40,45708362,419,14800,4718,shinatakeshi,階猛,立憲民主党,1,0.0,565.0,0.152647908736144,0.5466624769999592,0.1971315650518164,385.0,0.0941534391534391,0.5223667137460241,48.0,0.006578947368421,0.3872549019607843,132.0,0.0189655172413793,0.7541666666666667
42,42,42,916089913161900032,139,3991,4999,a_okamotooffice,岡本あき子,立憲民主党,0,43.0,125.0,0.0086206896551724,0.3360544217687074,0.4921875,42.0,0.0113636363636363,0.2777777777777778,54.0,0.0,0.2698412698412698,29.0,0.0,0.5714285714285714
43,43,43,136170535,1164,10566,20741,sayu4018,鎌田さゆり,立憲民主党,0,2.0,708.0,0.241455112987371,0.3706756790276059,0.4310807775657668,221.0,0.093003663003663,0.3880740906602976,482.0,0.156717032967033,0.3728817574992397,5.0,0.0,1.0
44,44,44,185512182,539,19277,6917,teratamanabu,寺田学,立憲民主党,1,10.0,914.0,0.395325723091074,0.5312688494007382,0.4814767498602039,412.0,0.2631882133461081,0.4477013886496644,279.0,0.0083333333333333,0.7655172413793103,223.0,0.0997222222222222,0.6066091954022987
45,45,45,3214288401,989,1453,2085,green_river15t,緑川貴士,立憲民主党,1,0.0,337.0,0.1866940691747193,0.3866798909902359,0.349753313981082,233.0,0.0829914529914529,0.3694742996467134,68.0,0.0048076923076923,0.372,36.0,0.0694677871148459,0.6888888888888888
46,46,46,1532383920,5,1317,1771,kaneko_emi_,金子恵美,立憲民主党,0,0.0,4.0,0.0,0.0,0.0,4.0,0.0,0.0,0.0,0.0,0.0,0.0,0.0,0.0
47,47,47,101105979,50295,45867,5688,oguma_shinji,小熊慎司,立憲民主党,1,0.0,34.0,0.0075757575757575,0.2261904761904762,0.4518430439952438,10.0,0.0,0.5,19.0,0.0119047619047619,0.3181818181818182,5.0,0.0,1.0
48,48,48,313135441,999,4047,1550,aoyamayamato,青山大人,立憲民主党,1,0.0,203.0,0.0514393939393939,0.3207083146738319,0.3545955428853375,147.0,0.0293650793650793,0.2967159277504105,44.0,0.0092592592592592,0.3645833333333333,12.0,0.0208333333333333,1.0
49,49,49,143078512,2399,3066,2233,FujiokaTakao,藤岡隆雄,立憲民主党,1,0.0,106.0,0.0275862068965517,0.2494047619047619,0.2531044558071585,63.0,0.0138888888888888,0.177536231884058,11.0,0.0,0.25,32.0,0.0104166666666666,0.5
50,50,50,894816050205794304,684,184200,5782,edanoyukio0531,枝野幸男,立憲民主党,1,0.0,395.0,0.0877905659155659,0.3986627835765766,0.1317224803717354,367.0,0.0886933436933436,0.4141531839807702,28.0,0.0,0.2727272727272727,0.0,0.0,0.0
51,51,51,1312906808,52,4334,6452,komiyama_yasko,小宮山泰子,立憲民主党,0,1.0,19.0,0.0611111111111111,0.5,0.188365650969529,17.0,0.0666666666666666,0.5625,2.0,0.0,1.0,0.0,0.0,0.0
52,52,52,461762728,562,1800,2449,yunosuke_waka,坂本祐之輔,立憲民主党,1,0.0,183.0,0.0677150835045572,0.3312994476787581,0.4624695064740101,53.0,0.0,0.2946969696969697,93.0,0.0186206896551724,0.2644927536231884,37.0,0.0,0.6875
53,53,53,101913320,1356,2132,5301,mori_morita,森田俊和,立憲民主党,1,0.0,291.0,0.0638359788359788,0.5072647658854555,0.3790647675356087,31.0,0.0196078431372549,0.1666666666666666,91.0,0.0239463601532567,0.5786564625850341,169.0,0.0119047619047619,0.6064814814814815
55,55,55,123487046,496,4451,2291,go_shinohara,篠原豪,立憲民主党,1,0.0,176.0,0.0680722844693433,0.3155097775787431,0.4790805785123967,70.0,0.04375,0.2681159420289855,106.0,0.0341117216117216,0.3192380952380952,0.0,0.0,0.0
56,56,56,249005987,261,6411,18313,waseda_yuki,早稲田ゆき,立憲民主党,0,19.0,109.0,0.0181818181818181,0.3952380952380953,0.490531100075751,47.0,0.0,0.475,62.0,0.008695652173913,0.359090909090909,0.0,0.0,0.0
57,57,57,88808843,1141,6172,4279,yamazakimakoto,山崎誠,立憲民主党,1,0.0,480.0,0.1531938431938431,0.4199222138015241,0.4768466591892325,155.0,0.0637301587301587,0.3994800218938151,240.0,0.0337301587301587,0.3472943722943722,85.0,0.0089285714285714,0.7716049382716048
58,58,58,148766444,489,3439,5575,aoyagy,青柳陽一郎,立憲民主党,1,0.0,370.0,0.1000747863247863,0.6018995876073915,0.4578563995837669,55.0,0.0217391304347826,0.2159090909090908,100.0,0.0297619047619047,0.671604938271605,215.0,0.0324302134646962,0.6936649659863946
59,59,59,69524406,6392,15881,12165,kazuma_nakatani,中谷一馬,立憲民主党,1,0.0,838.0,0.2508330558330558,0.3069188140629627,0.4713834390238318,518.0,0.1319717319717319,0.3010968526272251,318.0,0.1122099734304816,0.308271134995273,2.0,0.0,1.0
60,60,60,120957225,118,20960,2717,edaoffice,江田憲司,立憲民主党,1,0.0,363.0,0.1021813371813371,0.5739531692344759,0.4772910507927976,72.0,0.0424761904761904,0.4548611111111111,111.0,0.0043103448275862,0.6273809523809523,180.0,0.0201465201465201,0.6544642857142857
61,61,61,157592722,127,24373,8858,abe_tomoko,阿部知子,立憲民主党,0,13.0,79.0,0.0089285714285714,0.3623456790123457,0.4710783528280724,30.0,0.0125,0.2105263157894736,49.0,0.0,0.4933333333333333,0.0,0.0,0.0
62,62,62,572349329,922,4861,3153,KatsuNakajima,中島克仁,立憲民主党,1,0.0,220.0,0.0448236331569664,0.2553576691507726,0.4715512162275903,83.0,0.028078403078403,0.1489795918367346,135.0,0.0119047619047619,0.2856321839080459,2.0,0.0,0.0
64,64,64,108607334,187,8164,7829,ochiaitakayuki,落合貴之,立憲民主党,1,1.0,70.0,0.0,0.3680555555555555,0.4081632653061224,20.0,0.0,0.2083333333333333,50.0,0.0,0.4916666666666666,0.0,0.0,0.0
65,65,65,279935870,659,69626,6108,nagatsumaakira,長妻昭,立憲民主党,1,6.0,547.0,0.194561518919104,0.4136315763344161,0.4998959874260354,205.0,0.0812962962962963,0.3445539135194307,211.0,0.0402380952380952,0.3954184704184704,131.0,0.0267460317460317,0.5349753694581281
66,66,66,220899254,5611,15711,7065,YoshidaHarumi,吉田はるみ,立憲民主党,0,5.0,990.0,0.3686162047155962,0.4151183357524854,0.3783257932079082,669.0,0.2839514806181472,0.3813098196349875,227.0,0.0801108374384236,0.4217970521541949,94.0,0.0144032921810699,0.6506410256410255
67,67,67,786570426696675328,876,2196,1437,20161023yousuke,鈴木庸介,立憲民主党,1,0.0,599.0,0.3051594269257312,0.3794691321052019,0.4978804406899646,280.0,0.1755683278709594,0.3533015356291217,319.0,0.0873400673400673,0.4370355697941905,0.0,0.0,0.0
68,68,68,151223826,11,86300,5280,NaotoKan,菅直人,立憲民主党,1,0.0,7.0,0.0,0.75,0.2448979591836735,1.0,0.0,0.0,6.0,0.0,1.0,0.0,0.0,0.0
69,69,69,2439084283,813,3353,1305,9999suematsu,末松義規,立憲民主党,1,2.0,601.0,0.2277823796573796,0.4283435494733136,0.4836596515664846,179.0,0.0337301587301587,0.3792145593869732,258.0,0.1195436507936507,0.3519791511170821,164.0,0.0193452380952381,0.6835390946502058
70,70,70,960433527064952832,1125,4221,1485,Waku2_ookawara,大河原まさこ,立憲民主党,0,4.0,980.0,0.2946081799325588,0.4899845051990538,0.3741413877551021,218.0,0.0597354497354497,0.5629459620838931,657.0,0.1776195315524583,0.4406268016410005,105.0,0.0211538461538461,0.6743055555555556
71,71,71,506088580,10941,12321,2176,shun76450,伊藤俊輔,立憲民主党,1,0.0,677.0,0.2268261130423799,0.318267491071124,0.3163172309305986,526.0,0.1424943909383268,0.318501970758563,129.0,0.0547008547008546,0.2484920634920635,22.0,0.0,0.8636363636363636
72,72,72,1054243609,625,19704,2588,chinami_niigata,西村智奈美,立憲民主党,0,6.0,803.0,0.1740664658507796,0.4658388703273614,0.3113887631406871,569.0,0.1027763318552792,0.4417644464831398,136.0,0.0181818181818181,0.4117772108843538,98.0,0.01,0.741304347826087
73,73,73,84782143,556,103394,29040,RyuichiYoneyama,米山隆一,立憲民主党,1,36.0,114.0,0.0185185185185185,0.3942307692307692,0.4555247768544167,74.0,0.0,0.3285024154589372,40.0,0.0219298245614035,0.5185185185185185,0.0,0.0,0.0
74,74,74,202124076,1043,1452,1775,umetani_m,梅谷守,立憲民主党,1,1.0,242.0,0.0571560846560846,0.4763136288998358,0.375,84.0,0.0148809523809523,0.3692239858906525,28.0,0.0,0.4375,130.0,0.0107142857142857,0.6092592592592593
75,75,75,975179529026117632,430,1367,1280,mitsumatsumoto2,下条みつ,立憲民主党,1,0.0,185.0,0.0466919191919191,0.4110774283188076,0.4344192841490139,126.0,0.0267502612330198,0.397041847041847,59.0,0.005,0.3506944444444445,0.0,0.0,0.0
76,76,76,769173776,6134,3095,2663,n_koyama1,小山展弘,立憲民主党,1,0.0,780.0,0.2959204392099129,0.3759719462324802,0.2161470522786044,89.0,0.027014652014652,0.3191358024691358,633.0,0.2112105332461369,0.3796761548842746,58.0,0.0072463768115942,0.5121212121212121
77,77,77,47917053,1018,7410,15683,gemmakentaro,源馬謙太郎,立憲民主党,1,1.0,338.0,0.0815972222222222,0.3167159468883607,0.4844290657439446,180.0,0.0470833333333333,0.3352266507438921,126.0,0.0291919191919191,0.2007662835249042,32.0,0.0,0.5526315789473685
78,78,78,2918207822,393,4325,3773,kondo_shoichi,近藤昭一,立憲民主党,1,1.0,443.0,0.1725192017433396,0.4868572012841788,0.3349019826241926,211.0,0.1029233008993071,0.4168234064785788,57.0,0.0,0.4355555555555555,175.0,0.0541666666666666,0.5773368606701941
80,80,80,112303038,3372,5351,2944,shigetoku2,重徳和彦,立憲民主党,1,0.0,327.0,0.0694444444444444,0.3859028845844262,0.2918198056654415,269.0,0.0616666666666666,0.3408344529034184,58.0,0.0,0.5104166666666666,0.0,0.0,0.0
81,81,81,1453207518,1205,34615,7976,izmkenta,泉健太,立憲民主党,1,11.0,881.0,0.2252406976469704,0.4204553401939387,0.178694323015123,663.0,0.1442957013746487,0.4003320596937759,73.0,0.0192307692307692,0.2457142857142856,145.0,0.012,0.7506728778467909
82,82,82,116426900,1470,32690,39225,yamanoikazunori,山井和則,立憲民主党,1,31.0,1196.0,0.4865531491216892,0.5065139653849393,0.4325118147448015,291.0,0.0953459503459503,0.419789693065555,629.0,0.3921231913698102,0.4938964043559965,276.0,0.0573953823953823,0.6907557959282096
83,83,83,345178332,1584,5480,5325,MORIYAMAhiro,森山浩行,立憲民主党,1,2.0,589.0,0.1871715516452358,0.4196984047134899,0.1890974014632538,406.0,0.1420676314426314,0.3714970198182539,48.0,0.00625,0.1754385964912281,135.0,0.0128205128205128,0.7135416666666666
84,84,84,141513987,2790,5569,1236,isakanobuhiko,井坂信彦,立憲民主党,1,0.0,319.0,0.1063453159041394,0.2860931101803312,0.3718154141964429,238.0,0.0411111111111111,0.2730447713206333,78.0,0.0255555555555555,0.3513888888888889,3.0,0.0,0.0
86,86,86,107846407,538,47544,3836,mabuchi_sumio,馬淵澄夫,立憲民主党,1,0.0,456.0,0.1851605890916235,0.4973915818236306,0.1484510628447977,296.0,0.1329004949184859,0.4541132239408102,26.0,0.0089285714285714,0.45,134.0,0.0115384615384615,0.7097222222222221
88,88,88,606953861,412,2610,1038,kouji_satou,佐藤公治,立憲民主党,1,0.0,149.0,0.1330575613557026,0.4262345679012345,0.4234404536862004,80.0,0.0333333333333333,0.432047619047619,35.0,0.0938871473354232,0.2222222222222222,34.0,0.0,0.6875
89,89,89,1078634612,891,87985,5447,junyaog,小川淳也,立憲民主党,1,4.0,602.0,0.1555374118744237,0.3273336457974014,0.4532896987891965,393.0,0.070566319645267,0.3486820977973427,209.0,0.0652380952380952,0.2686876342048755,0.0,0.0,0.0
90,90,90,264569048,217,1497,2561,inatomishuji,稲富修二,立憲民主党,1,0.0,111.0,0.0682281393819855,0.5225694444444444,0.4672796106003245,27.0,0.0782828282828282,0.1363636363636363,16.0,0.0,0.6,68.0,0.0119047619047619,0.7807017543859649
91,91,91,36592757,1365,6639,17014,kiitakashi,城井崇,立憲民主党,1,9.0,545.0,0.1594798121268709,0.4366568485229742,0.4999829007215897,170.0,0.0655820105820105,0.3129310344827586,172.0,0.0141666666666666,0.4566054635020152,203.0,0.0261904761904761,0.5447530864197531
92,92,92,96684891,5401,262119,49655,kharaguchi,原口一博,立憲民主党,1,39.0,754.0,0.2839237789759611,0.3631765871421043,0.1707538296156947,663.0,0.2560781888935289,0.3602945589173373,69.0,0.0249999999999999,0.3442028985507246,22.0,0.019047619047619,0.5416666666666666
93,93,93,1226685006,358,10324,6003,OogushiHiroshi,大串博志,立憲民主党,1,1.0,115.0,0.0380952380952381,0.3530864197530864,0.4969376181474479,53.0,0.0477272727272727,0.2595238095238095,62.0,0.0046296296296296,0.432051282051282,0.0,0.0,0.0
94,94,94,1048117513161072640,1205,1990,1096,yamabiko719,山田勝彦,立憲民主党,1,0.0,488.0,0.0842227300276835,0.4049217293092066,0.499966406879871,246.0,0.0427777777777777,0.4248270886201921,242.0,0.029563492063492,0.4288799323282082,0.0,0.0,0.0
95,95,95,738612877288833024,509,1851,1057,MWatasou,渡辺創,立憲民主党,1,0.0,909.0,0.1650134625134625,0.5427916876413217,0.2426958476512049,105.0,0.0147058823529411,0.4227969348659003,638.0,0.0973280423280423,0.5435293046988361,166.0,0.0166666666666666,0.701410934744268
96,96,96,1081881492,390,1266,7766,ishinhideaki,高橋　英明たかはし　ひであき,日本維新の会,1,0.0,286.0,0.1160322616469542,0.4873157596371882,0.2583219954648525,16.0,0.03,0.125,89.0,0.0534851621808143,0.3682539682539683,181.0,0.027713920817369,0.6171846011131724
97,97,97,1117381092,608,9667,48972,saitama_ishin,沢田　良さわだ　りょう,日本維新の会,1,1.0,190.0,0.0431481481481481,0.3479748221127532,0.317352976693636,36.0,0.0,0.4888888888888889,146.0,0.0346031746031746,0.2926406926406926,8.0,0.0,1.0
98,98,98,192505772,1585,29141,11052,taisukeono,小野　たいすけおの　たいすけ,日本維新の会,1,1.0,434.0,0.2162071664865562,0.4004190254190255,0.2081176619113747,314.0,0.1241421571055438,0.3189866646763198,42.0,0.0088235294117647,0.5041666666666667,78.0,0.0192307692307692,0.69
99,99,99,1229728848012443648,884,3736,3904,abe2kasa,阿部　司あべ　つかさ,日本維新の会,1,2.0,506.0,0.118107263107263,0.4848358699471649,0.1643288241415192,423.0,0.0876455026455026,0.4851798668989339,42.0,0.0,0.337719298245614,41.0,0.0,0.7333333333333333
100,100,100,117669067,1682,2173,6881,asakawayosiharu,浅川　義治あさかわ　よしはる,日本維新の会,1,1.0,795.0,0.2226076117923943,0.4582620546896729,0.198634261858343,556.0,0.1407586736934562,0.3855970826559061,70.0,0.0,0.5617283950617284,169.0,0.025287356321839,0.6269274376417233
101,101,101,1306470216352690176,478,2514,1928,you__yachainayo,金村　りゅうなかねむら　りゅうな,日本維新の会,0,0.0,172.0,0.0405555555555555,0.2981253420908593,0.4577474310438074,111.0,0.035,0.328735632183908,61.0,0.0,0.2205882352941176,0.0,0.0,0.0
102,102,102,148219028,457,2580,2275,minobeteruo,ミノベ　テルオみのべ　てるお,日本維新の会,1,0.0,115.0,0.0493589743589743,0.3783809523809524,0.4716553287981859,24.0,0.0716666666666666,0.3020833333333333,39.0,0.0,0.09375,52.0,0.0075757575757575,0.7125
103,103,103,246074092,802,2436,1331,urumageorge,うるま　譲司うるま　じょうじ,日本維新の会,1,0.0,108.0,0.0604166666666666,0.0598765432098765,0.4792524005486969,43.0,0.0519841269841269,0.0433333333333333,65.0,0.0341435185185185,0.0847826086956521,0.0,0.0,0.0
104,104,104,218295612,19,196027,54566,adachiyasushi,あだち　康史あだち　やすし,日本維新の会,1,14.0,2.0,0.0,0.0,0.5,1.0,0.0,0.0,1.0,0.0,0.0,0.0,0.0,0.0
105,105,105,210687251,491,5701,3823,iketaku_0410,池下　卓いけした　たく,日本維新の会,1,0.0,44.0,0.0,0.1825396825396825,0.3813280736357658,29.0,0.0,0.2569444444444444,10.0,0.0,0.2,5.0,0.0,1.0
106,106,106,99424148,580,26220,9734,fumi_fuji,藤田　文武ふじた　ふみたけ,日本維新の会,1,6.0,556.0,0.1514208501050606,0.4578595733768148,0.3769304729283096,130.0,0.0339285714285714,0.2868606701940035,386.0,0.0386363636363636,0.5390667761357416,40.0,0.0075757575757575,0.6190476190476191
107,107,107,152575631,1139,4093,2793,Iwatani_Ryohei,岩谷　良平いわたに　りょうへい ,日本維新の会,1,1.0,442.0,0.1296769511831431,0.415928265446521,0.4881232255495176,161.0,0.0472769567597153,0.4412337662337662,118.0,0.0424319727891156,0.1766313932980599,163.0,0.0166666666666666,0.5956349206349206
108,108,108,1105325011,125,5801,2659,aoyagi_h,あおやぎ　仁士あおやぎ　ひとし,日本維新の会,1,2.0,140.0,0.036,0.6394927536231885,0.4763705103969753,14.0,0.0,0.2,9.0,0.0,0.0,117.0,0.012,0.7702898550724638
109,109,109,706739061893902336,1263,38042,4802,baba_ishin,馬場　伸幸ばば　のぶゆき,日本維新の会,1,0.0,234.0,0.0810630939941284,0.2847153804050356,0.4571995194599645,148.0,0.0462755635169428,0.3297619047619047,81.0,0.0340038314176245,0.1628787878787878,5.0,0.0,1.0
111,111,111,1120910419864932352,394,1725,8168,y_ichitani,一谷　勇一郎いちたに　ゆういちろう,日本維新の会,1,5.0,59.0,0.0106837606837606,0.2299999999999999,0.4981257809246147,26.0,0.0055555555555555,0.21875,23.0,0.0,0.0666666666666666,10.0,0.0,0.75
112,112,112,187094764,2128,4134,6454,keemiki,三木　けえみき　けえ,日本維新の会,0,0.0,326.0,0.0921560139207198,0.4253806538289297,0.221849149903849,158.0,0.0388888888888888,0.3724137931034483,23.0,0.0156862745098039,0.1666666666666666,145.0,0.0149425287356321,0.607171201814059
113,113,113,2957425140,721,686,1780,sumiyoshi0124,住吉　ひろきすみよし　ひろき,日本維新の会,1,0.0,63.0,0.0199999999999999,0.1152173913043478,0.4644444444444444,38.0,0.0,0.0789473684210526,22.0,0.015625,0.0892857142857142,3.0,0.0833333333333333,0.0
114,114,114,1303819846526750720,2122,1802,1394,seiki_soramoto,空本　せいきそらもと　せいき,日本維新の会,1,0.0,389.0,0.0819696969696969,0.2236222336374466,0.4335394965277778,262.0,0.0489417989417989,0.2669540229885057,122.0,0.0,0.1825396825396825,5.0,0.0,1.0
115,115,115,95405735,3023,36944,24493,ichiroaisawa,逢沢一郎（あいさわいちろう）,自由民主党,1,0.0,357.0,0.0351851851851851,0.3023097479486932,0.2246153237609272,277.0,0.0083333333333333,0.2787740037740037,41.0,0.0,0.1507936507936507,39.0,0.0,0.875
116,116,116,123482369,1738,7248,7243,ryosei_akazawa,赤澤亮正（あかざわりょうせい）,自由民主党,1,3.0,819.0,0.3254988340049362,0.4599691107936986,0.4006044869974441,454.0,0.2353431202805726,0.4861196274989379,174.0,0.0367521367521367,0.3024220032840722,191.0,0.0103448275862068,0.6032312925170068
117,117,117,108550427,162,8864,1915,akibakenya,秋葉賢也（あきばけんや）,自由民主党,1,0.0,156.0,0.0390804597701149,0.4385770975056689,0.1420118343195264,84.0,0.0,0.37,7.0,0.0,0.3333333333333333,65.0,0.0,0.5978260869565217
118,118,118,276384764,57,10894,6106,akimoto_chiba9,秋本真利（あきもとまさとし）,自由民主党,1,0.0,7.0,0.0,0.0,0.4081632653061224,5.0,0.0,0.0,2.0,0.0,0.0,0.0,0.0,0.0
119,119,119,119568258,468,7520,5423,abetoshiko,あべ俊子（あべとしこ）,自由民主党,0,1.0,127.0,0.0155555555555555,0.364367816091954,0.160512,114.0,0.0155555555555555,0.4413793103448276,11.0,0.0,0.1666666666666666,2.0,0.0,0.0
120,120,120,1319952734,262,6990,5422,ikeda_0620,池田佳隆（いけだよしたか）,自由民主党,1,0.0,40.0,0.0113636363636363,0.2182539682539682,0.3005540166204987,31.0,0.0,0.2916666666666666,7.0,0.0,0.0,2.0,0.0,0.0
121,121,121,4640535990,596,8658,2366,iakimasa1,石川昭政（いしかわあきまさ）,自由民主党,1,0.0,277.0,0.0727777777777777,0.4435805573736608,0.1449311955561165,82.0,0.0123456790123456,0.1997252747252747,7.0,0.0,0.0,188.0,0.0238095238095238,0.6201530612244897
122,122,122,808468854,37,208931,1308,shigeruishiba,石破茂（いしばしげる）,自由民主党,1,1.0,9.0,0.0,0.7,0.0,9.0,0.0,0.7,0.0,0.0,0.0,0.0,0.0,0.0
123,123,123,118936323,593,1489,1370,1484_Rintaro,石橋林太郎（いしばしりんたろう）,自由民主党,1,0.0,66.0,0.0059523809523809,0.1567901234567901,0.35888671875,49.0,0.0,0.2152777777777777,15.0,0.0185185185185185,0.2,2.0,0.0,0.0
124,124,124,64991261,211,72957,4686,IzumidaHirohiko,泉田裕彦（いずみだひろひこ）,自由民主党,1,0.0,188.0,0.0390946502057613,0.5678571428571428,0.2603550295857988,77.0,0.0,0.6270833333333333,14.0,0.0,0.25,97.0,0.0130434782608695,0.6523809523809524
125,125,125,119368252,1467,5105,18488,yousei_ide,井出庸生（いでようせい）,自由民主党,1,0.0,1137.0,0.2395690824676332,0.5446767010364347,0.0869561125724045,880.0,0.1752022309963486,0.5550621918215137,42.0,0.0175438596491228,0.2254901960784313,215.0,0.0272988505747126,0.5636286332714904
126,126,126,807158893868511232,174,2308,2775,ShintaroIto205,伊藤信太郎（いとうしんたろう）,自由民主党,1,0.0,166.0,0.0381773399014778,0.6373299319727891,0.2076124567474049,60.0,0.0,0.7727272727272727,8.0,0.0,0.0,98.0,0.0115384615384615,0.6659999999999998
127,127,127,166532571,302,3611,6340,T_Ibayashi,井林辰憲（いばやしたつのり）,自由民主党,1,0.0,36.0,0.0291666666666666,0.244047619047619,0.3132716049382715,29.0,0.023076923076923,0.2916666666666666,7.0,0.0277777777777777,0.25,0.0,0.0,0.0
128,128,128,101633526,3647,10709,4322,imaeda_soichiro,今枝宗一郎（いまえだそういちろう）,自由民主党,1,0.0,325.0,0.1388605886450713,0.4014153009688724,0.4779574726763844,170.0,0.0952654625068418,0.3537981859410431,111.0,0.0234567901234567,0.3897435897435898,44.0,0.0,0.8796296296296295
129,129,129,62402471,2364,5492,2929,Ueno_Kenichiro,うえの賢一郎（うえのけんいちろう）,自由民主党,1,0.0,200.0,0.0398412698412698,0.3075944170771756,0.4942011834319526,72.0,0.0061728395061728,0.0666666666666666,58.0,0.0227272727272727,0.1777777777777777,70.0,0.0,0.8030303030303029
130,130,130,80765328,145,8785,2201,etoseishiro,衛藤征士郎（えとうせいしろう）,自由民主党,1,0.0,48.0,0.0,0.4722222222222222,0.1866319444444444,43.0,0.0,0.5277777777777778,5.0,0.0,0.0,0.0,0.0,0.0
131,131,131,115604628,229,6904,1702,Ogushi_Masaki,大串正樹（おおぐしまさき）,自由民主党,1,0.0,35.0,0.0055555555555555,0.25,0.4995918367346939,18.0,0.0076923076923076,0.1818181818181818,17.0,0.0,0.4,0.0,0.0,0.0
132,132,132,410591079,278,17625,6612,masanobu_ogura,小倉將信（おぐらまさのぶ）,自由民主党,1,43.0,79.0,0.0241545893719806,0.2454545454545454,0.3010650887573964,53.0,0.0216049382716049,0.3399999999999999,12.0,0.0208333333333333,0.0,14.0,0.0,1.0
133,133,133,119019009,1716,8504,3556,odawarakiyoshi,小田原潔（おだわらきよし）,自由民主党,1,0.0,72.0,0.0098765432098765,0.2173076923076923,0.473877551020408,27.0,0.015625,0.2916666666666667,43.0,0.0,0.2348484848484848,2.0,0.0,0.0
134,134,134,200842455,260,4617,2442,ochitakao,越智隆雄（おちたかお）,自由民主党,1,0.0,49.0,0.0,0.2055555555555555,0.4947938359017076,22.0,0.0,0.037037037037037,27.0,0.0,0.6666666666666666,0.0,0.0,0.0
135,135,135,1351323366150443008,841,1520,1035,onikidonfukuoka,鬼木誠（おにきまこと）,自由民主党,1,0.0,236.0,0.0,0.4062260536398467,0.1894211433496122,25.0,0.0,0.3472222222222221,211.0,0.0,0.4219310451453308,0.0,0.0,0.0
136,136,136,46111733,2868,33770,26039,310kakizawa,柿沢未途（かきざわみと）,自由民主党,1,3.0,469.0,0.1188528967839312,0.3746150288746636,0.1113112477683,334.0,0.101621054552089,0.3140869666731735,21.0,0.0,0.2,114.0,0.0,0.6551282051282052
138,138,138,1058214703514537984,309,21976,2404,KatsunobuKato1,加藤勝信（かとうかつのぶ）,自由民主党,1,4.0,79.0,0.016025641025641,0.34,0.25350837483024,40.0,0.0131578947368421,0.1731481481481481,7.0,0.0277777777777777,0.0,32.0,0.0,0.8214285714285714
139,139,139,98478961,455,10013,17865,nekotanchan,金子恭之（かねこやすし）,自由民主党,1,0.0,191.0,0.053560294301035,0.5064255189255189,0.4972565157750341,25.0,0.0,0.4333333333333333,29.0,0.0092592592592592,0.1666666666666666,137.0,0.0281481481481481,0.6811594202898551
140,140,140,210449651,1914,3664,4299,kameokayositami,亀岡偉民（かめおかよしたみ）,自由民主党,1,0.0,104.0,0.0687499999999999,0.2477272727272726,0.3871875,59.0,0.0137681159420289,0.2134920634920634,21.0,0.0128205128205128,0.0454545454545454,24.0,0.0,0.8333333333333334
141,141,141,1351693060250320896,585,1464,2358,kawasaki_hideto,川崎ひでと（かわさきひでと）,自由民主党,1,2.0,230.0,0.0685642281991166,0.4958478029906601,0.1476146928821826,149.0,0.0260899814471243,0.4999999999999999,13.0,0.0,0.6428571428571429,68.0,0.0075757575757575,0.5583333333333333
142,142,142,265458233,210,2253,1922,Jun1CanDo,神田潤一（かんだじゅんいち）,自由民主党,1,4.0,68.0,0.0681350542461653,0.3666666666666666,0.375,24.0,0.0666666666666666,0.3833333333333333,8.0,0.0277777777777777,0.0,36.0,0.0,0.6176470588235294
144,144,144,97010661,206,276506,4589,KishiNobuo,岸信夫（きしのぶお）,自由民主党,1,0.0,60.0,0.0072463768115942,0.4810606060606061,0.095,57.0,0.0075757575757575,0.5277777777777778,3.0,0.0,0.0,0.0,0.0,0.0
145,145,145,116382669,326,23319,3332,kihara_seiji,木原誠二（きはらせいじ）,自由民主党,1,0.0,39.0,0.0083333333333333,0.2058823529411764,0.1490138787436083,3.0,0.0,0.0,34.0,0.0092592592592592,0.2333333333333333,2.0,0.0,0.0
146,146,146,107377567,208,17586,4999,kihara_minoru,木原稔（きはらみのる）,自由民主党,1,0.0,40.0,0.0208333333333333,0.1428571428571428,0.48,24.0,0.0,0.3333333333333333,16.0,0.0,0.0,0.0,0.0,0.0
147,147,147,116654430,97,5290,12298,kunisadaisato,国定勇人（くにさだいさと）,自由民主党,1,0.0,53.0,0.0128205128205128,0.4133333333333333,0.4995918367346939,17.0,0.0151515151515151,0.6666666666666666,18.0,0.0119047619047619,0.25,18.0,0.0,1.0
148,148,148,910357705260519424,339,3071,3425,ayano_kunimitsu,国光あやの（くにみつあやの）,自由民主党,0,0.0,76.0,0.0234567901234567,0.358974358974359,0.3829344432882413,46.0,0.0,0.4824561403508771,16.0,0.032051282051282,0.0303030303030303,14.0,0.0,1.0
149,149,149,104388107,748,2652335,27053,konotarogomame,河野太郎（こうのたろう）,自由民主党,1,0.0,86.0,0.0824239417989418,0.3462121212121212,0.3481882548937942,38.0,0.0379818594104308,0.2456140350877192,11.0,0.0277777777777777,0.3333333333333333,37.0,0.0,0.761904761904762
150,150,150,113515840,3067,5109,7068,kokubkonosuke,國場幸之助（こくばこうのすけ）,自由民主党,1,0.0,410.0,0.0655555555555555,0.3506646030920077,0.4904142011834319,185.0,0.0252777777777777,0.3099463923500435,140.0,0.0059523809523809,0.2201499118165784,85.0,0.0181159420289855,0.6984126984126984
176,176,176,2900209645,127,2045,2618,gaku_hasegawa,長谷川岳（はせがわがく）,自由民主党,1,0.0,22.0,0.0,0.3181818181818182,0.2975206611570247,18.0,0.0,0.4,4.0,0.0,0.0,0.0,0.0,0.0
178,178,178,301917412,158,2321,6909,FujikawaSangiin,藤川政人（ふじかわまさひと）,自由民主党,1,0.0,71.0,0.0,0.3659090909090909,0.5,28.0,0.0,0.4047619047619047,28.0,0.0,0.4545454545454545,15.0,0.0,0.7857142857142857
179,179,179,1198120518055890944,125,1494,3582,t_funahashi1020,船橋利実（ふなはしとしみつ）,自由民主党,0,0.0,11.0,0.0416666666666666,0.0,0.396694214876033,8.0,0.0476190476190476,0.0,3.0,0.0,0.0,0.0,0.0,0.0
180,180,180,1159324285116112896,279,4106,1136,89314honda,本田顕子（ほんだあきこ）,自由民主党,0,0.0,2.0,0.0,0.0,0.5,1.0,0.0,0.0,1.0,0.0,0.0,0.0,0.0,0.0
181,181,181,137884361,16310,138706,11500,miharajunco,三原じゅん子（みはらじゅんこ）,自由民主党,0,8.0,228.0,0.0663888888888889,0.3282482842827671,0.455728732897085,72.0,0.0108695652173913,0.2393939393939394,133.0,0.0348932676518883,0.3218537414965986,23.0,0.0138888888888888,0.7
182,182,182,126163850,2100,3904,1444,miyakeshingo,三宅伸吾（みやけしんご）,自由民主党,1,0.0,780.0,0.1740057817998994,0.4746957797667736,0.498572344268982,310.0,0.0455555555555555,0.5544334975369458,345.0,0.0836772486772486,0.4031600180420507,125.0,0.0115384615384615,0.7093333333333334
183,183,183,156523315,700,53283,20506,morimasakosangi,森まさこ（もりまさこ）,自由民主党,0,18.0,185.0,0.0433333333333333,0.2781609195402298,0.49474030243261,70.0,0.0124999999999999,0.1913043478260869,86.0,0.0243589743589743,0.3034285714285714,29.0,0.0,0.5714285714285714
184,184,184,143363512,3033,106164,21035,yamadataro43,山田太郎（やまだたろう）,自由民主党,1,15.0,667.0,0.1430801362380309,0.400192481170444,0.4144554589726267,446.0,0.0748765432098765,0.3778706177515828,185.0,0.0134099616858237,0.4274659863945578,36.0,0.0,0.5416666666666667
185,185,185,1669900392,125,201853,4541,yamazogaikuzo,山田宏（やまだひろし）,自由民主党,1,0.0,73.0,0.0189393939393939,0.6291666666666667,0.3598615916955018,13.0,0.0,0.125,4.0,0.0,0.0,56.0,0.0119047619047619,0.7982456140350878
187,187,187,1351036968,1897,4365,1607,YoshikawaYuumi,吉川ゆうみ（よしかわゆうみ）,自由民主党,0,1.0,239.0,0.0535714285714285,0.3232242852932507,0.0953764815041753,227.0,0.0507936507936507,0.350646288577323,12.0,0.0,0.1666666666666666,0.0,0.0,0.0
188,188,188,820835025444687872,603,3167,2573,w_youhei,若林洋平（わかばやしようへい）,自由民主党,1,3.0,160.0,0.0269444444444444,0.2784967905657561,0.486796875,67.0,0.0132275132275132,0.1858974358974359,93.0,0.0,0.3769557823129252,0.0,0.0,0.0
189,189,189,1426888136,8516,288575,6345,wadamasamune,和田政宗（わだまさむね）,自由民主党,1,2.0,243.0,0.0155555555555555,0.1525681693785141,0.2053683648697508,213.0,0.0189655172413793,0.1710350165707308,28.0,0.0,0.0625,2.0,0.0,0.0
190,190,190,75239976,883,78179,47645,otokita,音喜多　駿おときた　しゅん,日本維新の会,1,44.0,556.0,0.1051984126984126,0.3700240254796954,0.4983437710263443,294.0,0.084265873015873,0.3533334481610344,262.0,0.01,0.3892384435487884,0.0,0.0,0.0
191,191,191,76031812,11,16991,5388,asalogue,浅田　均あさだ　ひとし,日本維新の会,1,0.0,3.0,0.0,0.0,0.4444444444444444,2.0,0.0,0.0,1.0,0.0,0.0,0.0,0.0,0.0
192,192,192,136122182,518,14725,10239,toru_azuma,東　とおるあずま　とおる,日本維新の会,1,1.0,309.0,0.1071457431457431,0.4080293269948441,0.4952230199559048,60.0,0.0322250639386189,0.231060606060606,73.0,0.0,0.1533333333333333,176.0,0.034282065316548,0.5795068027210883
193,193,193,412247742,949,5458,5734,d_katayama1006,片山　大介かたやま　だいすけ,日本維新の会,1,0.0,310.0,0.1251707551707551,0.4351585196412783,0.3886733756863627,170.0,0.0700172532781228,0.3056923918992885,61.0,0.0,0.6929824561403509,79.0,0.0092592592592592,0.6852564102564103
194,194,194,552605944,328,5870,1415,CoTakayuki,清水　貴之しみず　たかゆき,日本維新の会,1,0.0,57.0,0.0203703703703703,0.372463768115942,0.2893197907048321,47.0,0.0232804232804232,0.4421052631578948,10.0,0.0,0.4,0.0,0.0,0.0
196,196,196,126533936,674,24783,6827,yanagase_ootaku,やながせ　裕文やながせ　ひろふみ,日本維新の会,1,0.0,431.0,0.1287779812779812,0.4727835551872062,0.1090559444174481,293.0,0.0856613756613756,0.4374359357117977,18.0,0.0,0.0,120.0,0.0119047619047619,0.6691358024691358
197,197,197,183185693,5784,24579,15166,ihayoichi,伊波　洋一,その他,1,13.0,472.0,0.2260297748988225,0.4361345179009875,0.4663497229610474,284.0,0.1133259061200237,0.4283121093465922,167.0,0.0804858934169279,0.4378117913832199,21.0,0.0,0.7692307692307693
198,198,198,235547108,2001,494137,33165,yamamototaro0,山本太郎,その他,1,0.0,742.0,0.30448782942204,0.4175529909173792,0.4728949044496632,368.0,0.1304986197377501,0.3503725680449818,229.0,0.1189868149279914,0.3718664477285166,145.0,0.0128205128205128,0.6550925925925927
199,199,199,134810781,3001,28871,9259,t_takai,高井たかし,その他,1,7.0,533.0,0.1551380253059489,0.3371256222929651,0.3699295172658505,122.0,0.0638983664185277,0.2179653679653679,376.0,0.0843159806295399,0.342240518102587,35.0,0.0,0.6568627450980393
200,200,200,61324547,362,21567,7134,kushibuchi,くしぶち万里,その他,0,28.0,338.0,0.0496825396825396,0.5193150719012787,0.4598239196478393,163.0,0.0405555555555555,0.4642857142857142,91.0,0.0052083333333333,0.5840579710144926,84.0,0.0,0.7817460317460316
201,201,201,77208119,1481,518062,264165,s_hakase,水道橋博士,その他,1,2.0,689.0,0.2794707037601774,0.4640937895932768,0.4749881270051694,331.0,0.1114670514670514,0.3634974671485828,210.0,0.0518650793650793,0.5265263472160023,148.0,0.0162698412698412,0.672824302134647
202,202,202,1220873561067286528,1134,3764,3346,tokunaga_eri,徳永エリ,立憲民主党,0,8.0,892.0,0.3383155270073377,0.3903272227666065,0.3670933058751692,210.0,0.098313492063492,0.3343496541772404,657.0,0.2637856917631895,0.4014752484742877,25.0,0.0234375,0.7142857142857143
203,203,203,2810906078,526,4292,1824,TeamYokosawa,横沢たかのり,立憲民主党,1,5.0,297.0,0.0748596671307729,0.5200801153794851,0.3391623969703718,105.0,0.016025641025641,0.3134444444444444,29.0,0.0,0.3461538461538461,163.0,0.0178571428571428,0.7358024691358025
204,204,204,170302283,385,69663,5175,norinotes,石垣のりこ,立憲民主党,0,6.0,481.0,0.1463130142339067,0.4215249376733844,0.4614576604748595,260.0,0.0505185185185185,0.397023187540429,147.0,0.0413793103448275,0.3879715522572666,74.0,0.0,0.5726666666666668
205,205,205,2309473520,5025,6144,2575,KumagaiHiroto,熊谷裕人,立憲民主党,1,0.0,252.0,0.0488247863247863,0.3812018441328786,0.4536862003780718,150.0,0.0282738095238095,0.2929453262786596,80.0,0.0185185185185185,0.5576923076923077,22.0,0.0,0.5909090909090909
206,206,206,158683595,749,2597,3354,TakagiMari,高木真理,立憲民主党,0,2.0,554.0,0.1611659356725146,0.3816652298646773,0.3980495239113797,397.0,0.0378669639539204,0.4048713738368911,150.0,0.1159848484848484,0.3547345374931581,7.0,0.0,0.75
207,207,207,116097539,3510,63776,18332,konishihiroyuki,小西洋之,立憲民主党,1,6.0,1008.0,0.3889069118507781,0.4285398091656713,0.4931545120270764,463.0,0.1816958966958967,0.3432675111681196,366.0,0.2105654983984276,0.5037239781795136,179.0,0.0911371366728509,0.6125661375661374
208,208,208,142892210,1145,4944,1728,makiyama1192,牧山ひろえ,立憲民主党,0,0.0,230.0,0.0836706349206349,0.4206933870726974,0.4108641975308642,128.0,0.0247126436781609,0.3333333333333333,52.0,0.0416666666666666,0.5185185185185185,50.0,0.0,0.753968253968254
209,209,209,1132818634781351936,1279,4031,3534,spacemom2019,水野素子,立憲民主党,0,20.0,551.0,0.1693514737680577,0.3055711543064924,0.4448470196079722,367.0,0.1373205526025074,0.3341597603848058,184.0,0.0208333333333333,0.2605102751654475,0.0,0.0,0.0
213,213,213,134408900,1157,14838,6817,maiko_tajima,田島麻衣子,立憲民主党,0,4.0,999.0,0.3473596454532031,0.4203783361321223,0.196457708624522,717.0,0.3179158967394261,0.3853432888791492,89.0,0.0112179487179487,0.3719246031746032,193.0,0.0222222222222222,0.5782430213464695
214,214,214,107039196,967,91728,13079,fuku_tetsu,福山哲郎,立憲民主党,1,12.0,807.0,0.2520256875882731,0.4226773766466488,0.2643907434049425,554.0,0.199686095448994,0.359669823077531,103.0,0.0096153846153846,0.4657142857142857,150.0,0.0166666666666666,0.72851966873706
215,215,215,1431843379,264,2334,1772,Morimoto_Shinji,森本真治,立憲民主党,1,0.0,267.0,0.0805856595511767,0.5036080457824155,0.3529158287848318,91.0,0.016,0.371412037037037,27.0,0.0125,0.4583333333333333,149.0,0.0179487179487179,0.6902281746031745
216,216,216,175683367,2705,28930,8227,KawadaOffice,川田龍平,立憲民主党,1,2.0,933.0,0.34379613107736,0.4487501658031546,0.3462698554985837,649.0,0.2059571038982803,0.4456409382759868,186.0,0.0827777777777777,0.2994700701597253,98.0,0.0114942528735632,0.7321428571428571
217,217,217,1576344674,367,6885,6654,tadatomoyoshida,吉田忠智,立憲民主党,1,0.0,327.0,0.1188447971781305,0.4772086655026764,0.4278794206558293,198.0,0.0956643930781861,0.3868066457352173,89.0,0.0154320987654321,0.5147435897435897,40.0,0.0,0.9583333333333334
218,218,218,218154152,9496,19739,10430,ishikawataiga,石川大我,立憲民主党,1,11.0,1090.0,0.268750581260172,0.3837898912395386,0.2672722508516028,900.0,0.1846895424836601,0.4226937861435764,170.0,0.0629355956942163,0.2291576479076478,20.0,0.0,0.5
219,219,219,936399828006748160,357,2912,8817,kishimakiko_j,岸真紀子,立憲民主党,0,19.0,209.0,0.095086822947973,0.3697096964338344,0.1932587541556456,181.0,0.0657936507936507,0.3740695128626163,22.0,0.0509641873278237,0.4523809523809524,6.0,0.0,1.0
220,220,220,947160325,4124,11386,7716,aoki12ku,青木愛,立憲民主党,0,0.0,639.0,0.3159725065470841,0.2985146961091675,0.2661533450398092,538.0,0.2719159961161134,0.290197899434767,101.0,0.0268518518518518,0.3954022988505747,0.0,0.0,0.0
221,221,221,47099876,566,3971,1938,ishibashi2010,石橋通宏,立憲民主党,1,0.0,488.0,0.1453706347470649,0.4726234937662312,0.3915855719363674,288.0,0.0497222222222222,0.4274504231400784,105.0,0.0261494252873563,0.5369047619047619,95.0,0.0102564102564102,0.6916666666666665
222,222,222,1326750890590564352,450,2632,1042,kogachikage,古賀千景,立憲民主党,1,5.0,154.0,0.0347439916405433,0.2581439393939393,0.3292292123460953,122.0,0.0272988505747126,0.2770691609977324,32.0,0.0078125,0.238095238095238,0.0,0.0,0.0
223,223,223,244064532,932,97220,3259,tsujimotokiyomi,辻󠄀元清美,立憲民主党,0,9.0,1129.0,0.2899703983019682,0.4574943733100209,0.3616372838808024,232.0,0.0349206349206349,0.3805829228243021,747.0,0.2016515403614945,0.4459981275263648,150.0,0.0297619047619047,0.6296296296296295
225,225,225,114672086,4609,11495,4488,gagomeyokoyama,横山　信一 ,その他,1,1.0,388.0,0.1685093508429421,0.3924472935815948,0.3446654125235151,190.0,0.1123490978883135,0.1776308374486512,54.0,0.0,0.1407407407407407,144.0,0.0458333333333333,0.7447530864197531
226,226,226,119728645,1057,3896,4126,hidemichisato,佐藤　英道 ,その他,1,0.0,553.0,0.3294387568852183,0.4812649118750324,0.1515896786552055,322.0,0.265826942700664,0.4271250779871469,29.0,0.0,0.1666666666666666,202.0,0.0185185185185185,0.6934542469025228
227,227,227,1412155238,23,4437,1163,ken_wakamatsu,若松　謙維 ,その他,1,0.0,4.0,0.0,0.5,0.375,3.0,0.0,1.0,1.0,0.0,0.0,0.0,0.0,0.0
228,228,228,99624247,449,19098,3900,m_nishida,西田　実仁 ,その他,1,0.0,59.0,0.0422619047619047,0.2355889724310776,0.4102269462798047,42.0,0.0486111111111111,0.3377777777777778,17.0,0.0,0.0555555555555555,0.0,0.0,0.0
229,229,229,302952492,2893,13863,4148,Yakura_Katsuo,矢倉　克夫 ,その他,1,0.0,691.0,0.1988442363707191,0.3889156116590193,0.4536421549220517,209.0,0.1273791571598985,0.2847774966132454,392.0,0.0381979458450046,0.4919092401851023,90.0,0.0092592592592592,0.5989010989010988
230,230,230,941288761,216,9870,5709,Hiraki_Daisaku,平木　大作 ,その他,1,2.0,166.0,0.0469047619047619,0.4616858237547891,0.328180737217598,46.0,0.0151515151515151,0.3309523809523809,12.0,0.0,0.0833333333333333,108.0,0.012,0.7202898550724636
231,231,231,285494136,1062,54935,3828,yamaguchinatsuo,山口　那津男 ,その他,1,2.0,243.0,0.0722953216374269,0.3351083429577077,0.4856804733727811,76.0,0.0463980463980463,0.1607142857142857,54.0,0.012,0.0666666666666666,113.0,0.0,0.6
232,232,232,108897713,5670,30800,17258,t_takeya,竹谷　とし子 ,その他,0,4.0,664.0,0.1359772009599596,0.3960982391509774,0.4965411969815443,237.0,0.108762154442667,0.2436397872492325,280.0,0.0377777777777777,0.6189655172413794,147.0,0.0,0.6362244897959183
233,233,233,1567043516,3138,22586,4313,okamoto3nari,岡本　三成 ,その他,1,1.0,354.0,0.1292578659369277,0.2883530741289362,0.2208371913047082,235.0,0.0894919432419432,0.1717909269805508,34.0,0.0196078431372548,0.2111111111111111,85.0,0.0108695652173913,0.7166666666666666
234,234,234,810830731,171,20705,1751,sayaka_sasaki,佐々木　さやか ,その他,0,3.0,116.0,0.0486111111111111,0.5388888888888889,0.4917817225509533,22.0,0.0,0.4230769230769231,17.0,0.0138888888888888,0.0,77.0,0.0104166666666666,0.8219696969696969
